CITY,LATITUDE,LONGITUDE,ELEVATION,Month,Year,city_max_day_rain,city_month_total_rain,city_avg_daily_rain,Anomalypct,Anomaly
Bridgewater,40.626247,-74.653535,32.9,1,2011,1.25,3.1799999999999997,0.106,0.39308176100628933,N
Bridgewater,40.626247,-74.653535,32.9,1,2012,1.1,3.0500000000000003,0.09838709677419356,0.36065573770491804,N
Bridgewater,40.626247,-74.653535,32.9,1,2013,1.16,2.62,0.08451612903225807,0.4427480916030534,N
Bridgewater,40.626247,-74.653535,32.9,1,2014,0.58,2.99,0.09645161290322582,0.19397993311036787,N
Bridgewater,40.626247,-74.653535,32.9,1,2015,1.69,4.26,0.13741935483870968,0.3967136150234742,N
Bridgewater,40.626247,-74.653535,32.9,1,2016,1.45,1.93,0.06225806451612903,0.7512953367875648,Y
Bridgewater,40.626247,-74.653535,32.9,1,2017,1.41,3.69,0.11903225806451613,0.38211382113821135,N
Bridgewater,40.626247,-74.653535,32.9,1,2018,2.01,3.4999999999999996,0.1129032258064516,0.5742857142857143,N
Bridgewater,40.626247,-74.653535,32.9,1,2019,1.31,5.16,0.1664516129032258,0.25387596899224807,N
Bridgewater,40.626247,-74.653535,32.9,1,2020,1.2,1.99,0.06419354838709677,0.6030150753768844,N
Bridgewater,40.626247,-74.653535,32.9,1,2021,0.81,2.16,0.06967741935483872,0.375,N
Bridgewater,40.626247,-74.653535,32.9,1,2022,1.4,3.2199999999999998,0.10387096774193548,0.43478260869565216,N
Bridgewater,40.626247,-74.653535,32.9,2,2011,0.72,2.77,0.09892857142857144,0.259927797833935,N
Bridgewater,40.626247,-74.653535,32.9,2,2012,0.31,1.08,0.03724137931034483,0.28703703703703703,N
Bridgewater,40.626247,-74.653535,32.9,2,2013,0.88,2.58,0.09214285714285715,0.34108527131782945,N
Bridgewater,40.626247,-74.653535,32.9,2,2014,1.3,4.94,0.17642857142857143,0.2631578947368421,N
Bridgewater,40.626247,-74.653535,32.9,2,2015,0.99,2.1799999999999997,0.07785714285714285,0.45412844036697253,N
Bridgewater,40.626247,-74.653535,32.9,2,2016,1.55,4.3100000000000005,0.14862068965517244,0.3596287703016241,N
Bridgewater,40.626247,-74.653535,32.9,2,2017,0.5,1.9300000000000002,0.06892857142857144,0.25906735751295334,N
Bridgewater,40.626247,-74.653535,32.9,2,2018,0.87,5.33,0.19035714285714286,0.16322701688555347,N
Bridgewater,40.626247,-74.653535,32.9,2,2019,0.85,3.26,0.11642857142857142,0.2607361963190184,N
Bridgewater,40.626247,-74.653535,32.9,2,2020,0.8,3.37,0.11620689655172414,0.23738872403560832,N
Bridgewater,40.626247,-74.653535,32.9,2,2021,1.44,5.09,0.18178571428571427,0.2829076620825147,N
Bridgewater,40.626247,-74.653535,32.9,2,2022,0.73,3.08,0.11,0.237012987012987,N
Bridgewater,40.626247,-74.653535,32.9,3,2011,2.28,6.08,0.19612903225806452,0.37499999999999994,N
Bridgewater,40.626247,-74.653535,32.9,3,2012,0.61,1.79,0.05774193548387097,0.3407821229050279,N
Bridgewater,40.626247,-74.653535,32.9,3,2013,0.66,2.11,0.06806451612903225,0.3127962085308057,N
Bridgewater,40.626247,-74.653535,32.9,3,2014,1.81,3.22,0.1038709677419355,0.562111801242236,N
Bridgewater,40.626247,-74.653535,32.9,3,2015,0.82,4.59,0.14806451612903226,0.17864923747276687,N
Bridgewater,40.626247,-74.653535,32.9,3,2016,0.33,1.4100000000000001,0.04548387096774194,0.23404255319148934,N
Bridgewater,40.626247,-74.653535,32.9,3,2017,0.99,3.98,0.12838709677419355,0.24874371859296482,N
Bridgewater,40.626247,-74.653535,32.9,3,2018,1.47,4.37,0.14096774193548386,0.3363844393592677,N
Bridgewater,40.626247,-74.653535,32.9,3,2019,1.18,3.8499999999999996,0.12419354838709676,0.3064935064935065,N
Bridgewater,40.626247,-74.653535,32.9,3,2020,1.02,3.38,0.10903225806451612,0.3017751479289941,N
Bridgewater,40.626247,-74.653535,32.9,3,2021,1.34,3.7300000000000004,0.1203225806451613,0.3592493297587131,N
Bridgewater,40.626247,-74.653535,32.9,3,2022,0.51,2.25,0.09782608695652174,0.22666666666666668,N
Bridgewater,40.626247,-74.653535,32.9,4,2011,2.49,7.66,0.25533333333333336,0.32506527415143605,N
Bridgewater,40.626247,-74.653535,32.9,4,2012,1.97,2.5999999999999996,0.08666666666666666,0.7576923076923078,Y
Bridgewater,40.626247,-74.653535,32.9,4,2013,0.76,2.7,0.09000000000000001,0.28148148148148144,N
Bridgewater,40.626247,-74.653535,32.9,4,2014,1.34,3.6500000000000004,0.12166666666666667,0.36712328767123287,N
Bridgewater,40.626247,-74.653535,32.9,4,2015,1.29,2.06,0.06866666666666667,0.6262135922330098,N
Bridgewater,40.626247,-74.653535,32.9,4,2016,0.34,1.65,0.055,0.20606060606060608,N
Bridgewater,40.626247,-74.653535,32.9,4,2017,1.24,4.14,0.13799999999999998,0.2995169082125604,N
Bridgewater,40.626247,-74.653535,32.9,4,2018,1.37,4.4,0.14666666666666667,0.31136363636363634,N
Bridgewater,40.626247,-74.653535,32.9,4,2019,1.05,4.74,0.158,0.22151898734177214,N
Bridgewater,40.626247,-74.653535,32.9,4,2020,1.37,4.19,0.1396666666666667,0.3269689737470167,N
Bridgewater,40.626247,-74.653535,32.9,4,2021,1.3,2.78,0.09266666666666666,0.4676258992805756,N
Bridgewater,40.626247,-74.653535,32.9,4,2022,2.4,6.1899999999999995,0.4126666666666666,0.3877221324717286,N
Bridgewater,40.626247,-74.653535,32.9,5,2011,0.94,4.37,0.14096774193548386,0.21510297482837526,N
Bridgewater,40.626247,-74.653535,32.9,5,2012,0.8,4.09,0.13193548387096773,0.19559902200489,N
Bridgewater,40.626247,-74.653535,32.9,5,2013,1.18,4.52,0.1458064516129032,0.2610619469026549,N
Bridgewater,40.626247,-74.653535,32.9,5,2014,3.47,5.97,0.1925806451612903,0.5812395309882747,N
Bridgewater,40.626247,-74.653535,32.9,5,2015,0.61,1.1700000000000002,0.037741935483870975,0.5213675213675213,N
Bridgewater,40.626247,-74.653535,32.9,5,2016,0.82,3.59,0.11580645161290322,0.22841225626740946,N
Bridgewater,40.626247,-74.653535,32.9,5,2017,1.26,6.03,0.19451612903225807,0.208955223880597,N
Bridgewater,40.626247,-74.653535,32.9,5,2018,0.97,5.09,0.16419354838709677,0.1905697445972495,N
Bridgewater,40.626247,-74.653535,32.9,5,2019,1.68,11.73,0.3783870967741936,0.1432225063938619,N
Bridgewater,40.626247,-74.653535,32.9,5,2020,2.84,5.01,0.16161290322580643,0.5668662674650699,N
Bridgewater,40.626247,-74.653535,32.9,5,2021,1.86,4.8,0.15483870967741936,0.3875,N
Bridgewater,40.626247,-74.653535,32.9,5,2022,1.28,5.7700000000000005,0.4438461538461539,0.2218370883882149,N
Bridgewater,40.626247,-74.653535,32.9,6,2011,1.01,2.91,0.097,0.3470790378006873,N
Bridgewater,40.626247,-74.653535,32.9,6,2012,1.45,3.65,0.12166666666666666,0.3972602739726027,N
Bridgewater,40.626247,-74.653535,32.9,6,2013,2.77,10.2,0.33999999999999997,0.2715686274509804,N
Bridgewater,40.626247,-74.653535,32.9,6,2014,1.08,4.1,0.13666666666666666,0.26341463414634153,N
Bridgewater,40.626247,-74.653535,32.9,6,2015,2.0,6.92,0.23066666666666666,0.28901734104046245,N
Bridgewater,40.626247,-74.653535,32.9,6,2016,0.65,1.98,0.066,0.3282828282828283,N
Bridgewater,40.626247,-74.653535,32.9,6,2017,1.83,4.140000000000001,0.138,0.44202898550724634,N
Bridgewater,40.626247,-74.653535,32.9,6,2018,0.75,3.5700000000000003,0.11900000000000001,0.21008403361344535,N
Bridgewater,40.626247,-74.653535,32.9,6,2019,2.21,5.51,0.18366666666666667,0.4010889292196007,N
Bridgewater,40.626247,-74.653535,32.9,6,2020,1.81,3.3,0.11,0.5484848484848486,N
Bridgewater,40.626247,-74.653535,32.9,6,2021,1.98,4.16,0.13866666666666666,0.47596153846153844,N
Bridgewater,40.626247,-74.653535,32.9,6,2022,1.2,1.89,0.23625,0.6349206349206349,N
Bridgewater,40.626247,-74.653535,32.9,7,2011,1.37,3.19,0.10290322580645161,0.42946708463949845,N
Bridgewater,40.626247,-74.653535,32.9,7,2012,0.98,4.33,0.1396774193548387,0.22632794457274827,N
Bridgewater,40.626247,-74.653535,32.9,7,2013,2.71,6.7,0.2161290322580645,0.40447761194029846,N
Bridgewater,40.626247,-74.653535,32.9,7,2014,1.75,5.09,0.16419354838709677,0.343811394891945,N
Bridgewater,40.626247,-74.653535,32.9,7,2015,0.33,1.83,0.05903225806451613,0.18032786885245902,N
Bridgewater,40.626247,-74.653535,32.9,7,2016,1.12,5.09,0.16966666666666666,0.22003929273084483,N
Bridgewater,40.626247,-74.653535,32.9,7,2017,1.21,5.99,0.1932258064516129,0.2020033388981636,N
Bridgewater,40.626247,-74.653535,32.9,7,2018,1.32,5.5600000000000005,0.17935483870967744,0.23741007194244604,N
Bridgewater,40.626247,-74.653535,32.9,7,2019,1.74,5.7,0.18387096774193548,0.30526315789473685,N
Bridgewater,40.626247,-74.653535,32.9,7,2020,3.19,7.95,0.2564516129032258,0.4012578616352201,N
Bridgewater,40.626247,-74.653535,32.9,7,2021,2.04,6.67,0.21516129032258063,0.3058470764617691,N
Bridgewater,40.626247,-74.653535,32.9,8,2011,7.15,17.89,0.5770967741935484,0.39966461710452766,N
Bridgewater,40.626247,-74.653535,32.9,8,2012,1.57,4.18,0.13483870967741934,0.37559808612440193,N
Bridgewater,40.626247,-74.653535,32.9,8,2013,1.35,4.2,0.13548387096774195,0.32142857142857145,N
Bridgewater,40.626247,-74.653535,32.9,8,2014,1.65,1.95,0.06290322580645161,0.8461538461538461,Y
Bridgewater,40.626247,-74.653535,32.9,8,2015,0.73,1.88,0.060645161290322575,0.38829787234042556,N
Bridgewater,40.626247,-74.653535,32.9,8,2016,0.83,3.49,0.11258064516129034,0.23782234957020054,N
Bridgewater,40.626247,-74.653535,32.9,8,2017,1.28,4.8100000000000005,0.15516129032258066,0.26611226611226607,N
Bridgewater,40.626247,-74.653535,32.9,8,2018,2.36,7.93,0.2558064516129032,0.29760403530895335,N
Bridgewater,40.626247,-74.653535,32.9,8,2019,1.71,6.59,0.21258064516129033,0.25948406676783003,N
Bridgewater,40.626247,-74.653535,32.9,8,2020,1.75,6.8,0.21935483870967742,0.2573529411764706,N
Bridgewater,40.626247,-74.653535,32.9,8,2021,4.59,8.56,0.2853333333333333,0.536214953271028,N
Bridgewater,40.626247,-74.653535,32.9,9,2011,2.95,8.74,0.29133333333333333,0.33752860411899316,N
Bridgewater,40.626247,-74.653535,32.9,9,2012,0.89,2.92,0.09733333333333333,0.3047945205479452,N
Bridgewater,40.626247,-74.653535,32.9,9,2013,1.4,2.76,0.092,0.5072463768115942,N
Bridgewater,40.626247,-74.653535,32.9,9,2014,0.5,1.61,0.05366666666666667,0.3105590062111801,N
Bridgewater,40.626247,-74.653535,32.9,9,2015,1.13,2.17,0.07233333333333333,0.5207373271889401,N
Bridgewater,40.626247,-74.653535,32.9,9,2016,0.39,1.18,0.03933333333333333,0.3305084745762712,N
Bridgewater,40.626247,-74.653535,32.9,9,2017,0.54,1.3800000000000001,0.046000000000000006,0.391304347826087,N
Bridgewater,40.626247,-74.653535,32.9,9,2018,1.57,6.9,0.23,0.22753623188405797,N
Bridgewater,40.626247,-74.653535,32.9,9,2019,0.64,0.91,0.030333333333333334,0.7032967032967032,Y
Bridgewater,40.626247,-74.653535,32.9,9,2020,2.47,4.93,0.16433333333333333,0.5010141987829615,N
Bridgewater,40.626247,-74.653535,32.9,9,2021,8.63,11.830000000000002,0.39433333333333337,0.7295012679628063,Y
Bridgewater,40.626247,-74.653535,32.9,10,2011,1.45,4.25,0.13709677419354838,0.3411764705882353,N
Bridgewater,40.626247,-74.653535,32.9,10,2012,2.08,5.7299999999999995,0.18483870967741933,0.3630017452006981,N
Bridgewater,40.626247,-74.653535,32.9,10,2013,0.42,0.62,0.02,0.6774193548387096,N
Bridgewater,40.626247,-74.653535,32.9,10,2014,1.72,3.98,0.12838709677419355,0.4321608040201005,N
Bridgewater,40.626247,-74.653535,32.9,10,2015,2.26,4.15,0.1338709677419355,0.544578313253012,N
Bridgewater,40.626247,-74.653535,32.9,10,2016,0.49,1.28,0.04129032258064516,0.3828125,N
Bridgewater,40.626247,-74.653535,32.9,10,2017,4.01,5.709999999999999,0.18419354838709676,0.7022767075306481,Y
Bridgewater,40.626247,-74.653535,32.9,10,2018,2.3,3.7499999999999996,0.12096774193548386,0.6133333333333334,N
Bridgewater,40.626247,-74.653535,32.9,10,2019,1.73,5.38,0.1735483870967742,0.3215613382899628,N
Bridgewater,40.626247,-74.653535,32.9,10,2020,1.62,3.99,0.12870967741935485,0.40601503759398494,N
Bridgewater,40.626247,-74.653535,32.9,10,2021,2.5,5.390000000000001,0.1738709677419355,0.4638218923933209,N
Bridgewater,40.626247,-74.653535,32.9,11,2011,1.98,3.96,0.132,0.5,N
Bridgewater,40.626247,-74.653535,32.9,11,2012,0.38,0.9299999999999999,0.030999999999999996,0.40860215053763443,N
Bridgewater,40.626247,-74.653535,32.9,11,2013,2.57,3.54,0.11800000000000001,0.7259887005649717,Y
Bridgewater,40.626247,-74.653535,32.9,11,2014,0.97,3.9499999999999997,0.13166666666666665,0.24556962025316456,N
Bridgewater,40.626247,-74.653535,32.9,11,2015,1.37,1.8400000000000003,0.061333333333333344,0.7445652173913043,Y
Bridgewater,40.626247,-74.653535,32.9,11,2016,1.71,2.46,0.082,0.6951219512195121,N
Bridgewater,40.626247,-74.653535,32.9,11,2017,0.43,1.07,0.035666666666666666,0.40186915887850466,N
Bridgewater,40.626247,-74.653535,32.9,11,2018,2.08,8.17,0.2723333333333333,0.25458996328029376,N
Bridgewater,40.626247,-74.653535,32.9,11,2019,1.1,2.59,0.08633333333333333,0.42471042471042475,N
Bridgewater,40.626247,-74.653535,32.9,11,2020,0.96,3.13,0.10433333333333333,0.30670926517571884,N
Bridgewater,40.626247,-74.653535,32.9,11,2021,0.55,1.22,0.04066666666666666,0.4508196721311476,N
Bridgewater,40.626247,-74.653535,32.9,12,2011,2.16,4.16,0.13419354838709677,0.5192307692307693,N
Bridgewater,40.626247,-74.653535,32.9,12,2012,1.56,5.33,0.17193548387096774,0.2926829268292683,N
Bridgewater,40.626247,-74.653535,32.9,12,2013,1.17,4.32,0.13935483870967744,0.2708333333333333,N
Bridgewater,40.626247,-74.653535,32.9,12,2014,0.99,4.2700000000000005,0.13774193548387098,0.23185011709601872,N
Bridgewater,40.626247,-74.653535,32.9,12,2015,1.03,4.27,0.13774193548387095,0.2412177985948478,N
Bridgewater,40.626247,-74.653535,32.9,12,2016,1.29,4.15,0.1338709677419355,0.3108433734939759,N
Bridgewater,40.626247,-74.653535,32.9,12,2017,0.46,1.55,0.05,0.2967741935483871,N
Bridgewater,40.626247,-74.653535,32.9,12,2018,1.61,5.51,0.17774193548387096,0.29219600725952816,N
Bridgewater,40.626247,-74.653535,32.9,12,2019,0.84,5.22,0.16838709677419353,0.16091954022988506,N
Bridgewater,40.626247,-74.653535,32.9,12,2020,2.49,6.84,0.22064516129032258,0.36403508771929827,N
Bridgewater,40.626247,-74.653535,32.9,12,2021,0.56,2.08,0.06709677419354838,0.2692307692307693,N
New Brunswick,40.4896492,-74.4408766,12.5,1,2011,1.65,3.6799999999999997,0.12266666666666666,0.4483695652173913,N
New Brunswick,40.4896492,-74.4408766,12.5,1,2012,1.57,2.73,0.21,0.5750915750915752,N
New Brunswick,40.4896492,-74.4408766,12.5,1,2013,0.84,2.48,0.10782608695652174,0.3387096774193548,N
New Brunswick,40.4896492,-74.4408766,12.5,1,2014,0.47,2.39,0.09192307692307693,0.19665271966527195,N
New Brunswick,40.4896492,-74.4408766,12.5,1,2015,1.9,3.63,0.12964285714285714,0.5234159779614325,N
New Brunswick,40.4896492,-74.4408766,12.5,1,2016,1.67,2.69,0.08966666666666666,0.620817843866171,N
New Brunswick,40.4896492,-74.4408766,12.5,1,2017,1.77,4.81,0.17178571428571426,0.367983367983368,N
New Brunswick,40.4896492,-74.4408766,12.5,1,2018,0.53,1.24,0.04275862068965517,0.4274193548387097,N
New Brunswick,40.4896492,-74.4408766,12.5,1,2019,1.8,4.9,0.15806451612903227,0.36734693877551017,N
New Brunswick,40.4896492,-74.4408766,12.5,1,2020,1.2,1.88,0.06482758620689655,0.6382978723404256,N
New Brunswick,40.4896492,-74.4408766,12.5,1,2021,0.89,2.1,0.07241379310344828,0.4238095238095238,N
New Brunswick,40.4896492,-74.4408766,12.5,1,2022,1.5,4.34,0.13999999999999999,0.3456221198156682,N
New Brunswick,40.4896492,-74.4408766,12.5,2,2011,0.76,1.68,0.08842105263157894,0.4523809523809524,N
New Brunswick,40.4896492,-74.4408766,12.5,2,2012,0.21,0.6,0.024,0.35,N
New Brunswick,40.4896492,-74.4408766,12.5,2,2013,1.01,2.94,0.1176,0.3435374149659864,N
New Brunswick,40.4896492,-74.4408766,12.5,2,2014,1.27,5.390000000000001,0.23434782608695653,0.23562152133580702,N
New Brunswick,40.4896492,-74.4408766,12.5,2,2015,1.15,2.55,0.102,0.45098039215686275,N
New Brunswick,40.4896492,-74.4408766,12.5,2,2016,1.6,4.6,0.16428571428571428,0.3478260869565218,N
New Brunswick,40.4896492,-74.4408766,12.5,2,2017,0.68,1.45,0.055769230769230765,0.46896551724137936,N
New Brunswick,40.4896492,-74.4408766,12.5,2,2018,1.13,6.7,0.2392857142857143,0.16865671641791044,N
New Brunswick,40.4896492,-74.4408766,12.5,2,2019,0.94,3.39,0.12107142857142858,0.2772861356932153,N
New Brunswick,40.4896492,-74.4408766,12.5,2,2020,0.66,2.91,0.1003448275862069,0.2268041237113402,N
New Brunswick,40.4896492,-74.4408766,12.5,2,2021,1.57,5.47,0.19535714285714284,0.28702010968921393,N
New Brunswick,40.4896492,-74.4408766,12.5,2,2022,0.65,3.14,0.11214285714285714,0.2070063694267516,N
New Brunswick,40.4896492,-74.4408766,12.5,3,2011,2.09,5.8,0.24166666666666667,0.3603448275862069,N
New Brunswick,40.4896492,-74.4408766,12.5,3,2012,0.76,1.76,0.088,0.4318181818181818,N
New Brunswick,40.4896492,-74.4408766,12.5,3,2013,0.78,2.19,0.07821428571428571,0.35616438356164387,N
New Brunswick,40.4896492,-74.4408766,12.5,3,2014,2.58,4.32,0.13935483870967744,0.5972222222222222,N
New Brunswick,40.4896492,-74.4408766,12.5,3,2015,0.79,4.89,0.16299999999999998,0.16155419222903888,N
New Brunswick,40.4896492,-74.4408766,12.5,3,2016,0.34,1.44,0.0464516129032258,0.23611111111111113,N
New Brunswick,40.4896492,-74.4408766,12.5,3,2017,0.87,3.5100000000000002,0.117,0.24786324786324784,N
New Brunswick,40.4896492,-74.4408766,12.5,3,2018,1.68,4.79,0.16517241379310346,0.3507306889352818,N
New Brunswick,40.4896492,-74.4408766,12.5,3,2019,1.4,4.279999999999999,0.13806451612903223,0.3271028037383178,N
New Brunswick,40.4896492,-74.4408766,12.5,3,2020,1.16,4.33,0.14433333333333334,0.2678983833718245,N
New Brunswick,40.4896492,-74.4408766,12.5,3,2021,0.97,2.89,0.09322580645161291,0.3356401384083045,N
New Brunswick,40.4896492,-74.4408766,12.5,3,2022,0.57,2.57,0.08290322580645161,0.22178988326848248,N
New Brunswick,40.4896492,-74.4408766,12.5,4,2011,2.64,3.8600000000000003,0.1838095238095238,0.6839378238341969,N
New Brunswick,40.4896492,-74.4408766,12.5,4,2012,0.33,0.56,0.028000000000000004,0.5892857142857143,N
New Brunswick,40.4896492,-74.4408766,12.5,4,2013,0.88,2.29,0.08178571428571428,0.38427947598253276,N
New Brunswick,40.4896492,-74.4408766,12.5,4,2014,0.77,2.92,0.10428571428571429,0.2636986301369863,N
New Brunswick,40.4896492,-74.4408766,12.5,4,2015,1.32,2.24,0.09333333333333334,0.5892857142857143,N
New Brunswick,40.4896492,-74.4408766,12.5,4,2016,0.32,1.4,0.049999999999999996,0.2285714285714286,N
New Brunswick,40.4896492,-74.4408766,12.5,4,2017,1.59,5.54,0.18466666666666667,0.2870036101083033,N
New Brunswick,40.4896492,-74.4408766,12.5,4,2018,1.83,5.05,0.17413793103448275,0.3623762376237624,N
New Brunswick,40.4896492,-74.4408766,12.5,4,2019,0.87,3.96,0.132,0.2196969696969697,N
New Brunswick,40.4896492,-74.4408766,12.5,4,2020,0.86,3.4699999999999998,0.12392857142857142,0.24783861671469742,N
New Brunswick,40.4896492,-74.4408766,12.5,4,2021,0.72,2.34,0.078,0.3076923076923077,N
New Brunswick,40.4896492,-74.4408766,12.5,4,2022,1.34,4.93,0.16433333333333333,0.2718052738336714,N
New Brunswick,40.4896492,-74.4408766,12.5,5,2011,0.62,2.0,0.06896551724137931,0.31,N
New Brunswick,40.4896492,-74.4408766,12.5,5,2012,0.84,3.35,0.14565217391304347,0.2507462686567164,N
New Brunswick,40.4896492,-74.4408766,12.5,5,2013,1.7,4.41,0.147,0.3854875283446712,N
New Brunswick,40.4896492,-74.4408766,12.5,5,2014,4.1,6.1899999999999995,0.2063333333333333,0.6623586429725363,N
New Brunswick,40.4896492,-74.4408766,12.5,5,2015,0.54,0.9500000000000001,0.030645161290322583,0.5684210526315789,N
New Brunswick,40.4896492,-74.4408766,12.5,5,2016,1.48,4.34,0.13999999999999999,0.34101382488479265,N
New Brunswick,40.4896492,-74.4408766,12.5,5,2017,1.68,6.670000000000001,0.21516129032258066,0.2518740629685157,N
New Brunswick,40.4896492,-74.4408766,12.5,5,2018,1.38,6.1,0.19677419354838707,0.2262295081967213,N
New Brunswick,40.4896492,-74.4408766,12.5,5,2019,1.09,7.12,0.2296774193548387,0.15308988764044945,N
New Brunswick,40.4896492,-74.4408766,12.5,5,2020,0.71,2.9499999999999997,0.09833333333333333,0.24067796610169492,N
New Brunswick,40.4896492,-74.4408766,12.5,5,2021,1.61,4.12,0.1329032258064516,0.3907766990291262,N
New Brunswick,40.4896492,-74.4408766,12.5,5,2022,1.46,6.68,0.21548387096774194,0.218562874251497,N
New Brunswick,40.4896492,-74.4408766,12.5,6,2011,0.72,2.73,0.1092,0.26373626373626374,N
New Brunswick,40.4896492,-74.4408766,12.5,6,2012,1.63,4.63,0.21045454545454545,0.3520518358531317,N
New Brunswick,40.4896492,-74.4408766,12.5,6,2013,2.64,10.43,0.3862962962962963,0.25311601150527324,N
New Brunswick,40.4896492,-74.4408766,12.5,6,2014,1.38,3.24,0.10800000000000001,0.4259259259259259,N
New Brunswick,40.4896492,-74.4408766,12.5,6,2015,1.94,6.32,0.26333333333333336,0.30696202531645567,N
New Brunswick,40.4896492,-74.4408766,12.5,6,2016,0.84,1.95,0.06724137931034482,0.43076923076923074,N
New Brunswick,40.4896492,-74.4408766,12.5,6,2017,1.79,4.84,0.16133333333333333,0.3698347107438017,N
New Brunswick,40.4896492,-74.4408766,12.5,6,2018,0.96,3.35,0.134,0.28656716417910444,N
New Brunswick,40.4896492,-74.4408766,12.5,6,2019,1.3,5.4,0.18000000000000002,0.24074074074074073,N
New Brunswick,40.4896492,-74.4408766,12.5,6,2020,1.33,2.69,0.08966666666666666,0.4944237918215614,N
New Brunswick,40.4896492,-74.4408766,12.5,6,2021,1.56,3.23,0.10766666666666666,0.48297213622291024,N
New Brunswick,40.4896492,-74.4408766,12.5,6,2022,1.1,2.18,0.1676923076923077,0.5045871559633027,N
New Brunswick,40.4896492,-74.4408766,12.5,7,2011,1.3,2.55,0.09444444444444444,0.5098039215686275,N
New Brunswick,40.4896492,-74.4408766,12.5,7,2012,0.66,1.9300000000000002,0.0919047619047619,0.34196891191709844,N
New Brunswick,40.4896492,-74.4408766,12.5,7,2013,1.43,4.77,0.16448275862068965,0.29979035639413,N
New Brunswick,40.4896492,-74.4408766,12.5,7,2014,2.0,5.93,0.20448275862068965,0.3372681281618887,N
New Brunswick,40.4896492,-74.4408766,12.5,7,2015,0.85,2.67,0.09535714285714285,0.31835205992509363,N
New Brunswick,40.4896492,-74.4408766,12.5,7,2016,3.67,8.41,0.2803333333333333,0.43638525564803804,N
New Brunswick,40.4896492,-74.4408766,12.5,7,2017,1.0,4.2299999999999995,0.1364516129032258,0.23640661938534283,N
New Brunswick,40.4896492,-74.4408766,12.5,7,2018,1.35,4.49,0.1662962962962963,0.30066815144766146,N
New Brunswick,40.4896492,-74.4408766,12.5,7,2019,2.08,7.23,0.23322580645161292,0.28769017980636236,N
New Brunswick,40.4896492,-74.4408766,12.5,7,2020,2.65,10.05,0.335,0.26368159203980096,N
New Brunswick,40.4896492,-74.4408766,12.5,7,2021,1.09,4.890000000000001,0.157741935483871,0.22290388548057258,N
New Brunswick,40.4896492,-74.4408766,12.5,8,2011,8.12,16.21,0.6234615384615385,0.500925354719309,N
New Brunswick,40.4896492,-74.4408766,12.5,8,2012,1.33,3.89,0.13892857142857143,0.34190231362467866,N
New Brunswick,40.4896492,-74.4408766,12.5,8,2013,1.44,4.36,0.1744,0.33027522935779813,N
New Brunswick,40.4896492,-74.4408766,12.5,8,2014,0.62,1.23,0.05125,0.5040650406504065,N
New Brunswick,40.4896492,-74.4408766,12.5,8,2015,0.6,1.19,0.04407407407407407,0.5042016806722689,N
New Brunswick,40.4896492,-74.4408766,12.5,8,2016,0.14,0.56,0.018666666666666668,0.25,N
New Brunswick,40.4896492,-74.4408766,12.5,8,2017,1.95,7.109999999999999,0.2293548387096774,0.27426160337552746,N
New Brunswick,40.4896492,-74.4408766,12.5,8,2018,0.84,2.75,0.10185185185185185,0.3054545454545454,N
New Brunswick,40.4896492,-74.4408766,12.5,8,2019,3.04,3.8899999999999997,0.2161111111111111,0.7814910025706941,Y
New Brunswick,40.4896492,-74.4408766,12.5,8,2020,0.9,5.1,0.16999999999999998,0.17647058823529413,N
New Brunswick,40.4896492,-74.4408766,12.5,8,2021,1.73,5.9,0.20344827586206898,0.29322033898305083,N
New Brunswick,40.4896492,-74.4408766,12.5,9,2011,2.79,8.09,0.2889285714285714,0.34487021013597036,N
New Brunswick,40.4896492,-74.4408766,12.5,9,2012,0.72,2.76,0.09517241379310344,0.2608695652173913,N
New Brunswick,40.4896492,-74.4408766,12.5,9,2013,0.91,2.42,0.08344827586206896,0.3760330578512397,N
New Brunswick,40.4896492,-74.4408766,12.5,9,2014,0.65,1.35,0.05,0.48148148148148145,N
New Brunswick,40.4896492,-74.4408766,12.5,9,2015,1.58,3.0300000000000002,0.10448275862068966,0.5214521452145214,N
New Brunswick,40.4896492,-74.4408766,12.5,9,2016,1.02,2.09,0.07464285714285714,0.48803827751196177,N
New Brunswick,40.4896492,-74.4408766,12.5,9,2017,0.86,1.53,0.051000000000000004,0.5620915032679739,N
New Brunswick,40.4896492,-74.4408766,12.5,9,2018,1.34,6.17,0.20566666666666666,0.21717990275526744,N
New Brunswick,40.4896492,-74.4408766,12.5,9,2019,0.66,1.26,0.042,0.5238095238095238,N
New Brunswick,40.4896492,-74.4408766,12.5,9,2020,1.83,4.78,0.16482758620689655,0.3828451882845188,N
New Brunswick,40.4896492,-74.4408766,12.5,9,2021,8.3,11.270000000000001,0.3756666666666667,0.7364685004436557,Y
New Brunswick,40.4896492,-74.4408766,12.5,10,2011,0.34,0.92,0.054117647058823534,0.3695652173913044,N
New Brunswick,40.4896492,-74.4408766,12.5,10,2012,1.17,3.82,0.14148148148148149,0.306282722513089,N
New Brunswick,40.4896492,-74.4408766,12.5,10,2013,0.06,0.16999999999999998,0.005862068965517241,0.35294117647058826,N
New Brunswick,40.4896492,-74.4408766,12.5,10,2014,1.26,3.76,0.13925925925925925,0.3351063829787234,N
New Brunswick,40.4896492,-74.4408766,12.5,10,2015,1.75,4.140000000000001,0.138,0.42270531400966177,N
New Brunswick,40.4896492,-74.4408766,12.5,10,2016,0.55,1.9700000000000002,0.08954545454545455,0.27918781725888325,N
New Brunswick,40.4896492,-74.4408766,12.5,10,2017,3.85,5.18,0.16709677419354838,0.7432432432432433,Y
New Brunswick,40.4896492,-74.4408766,12.5,10,2018,1.49,3.26,0.10516129032258063,0.4570552147239264,N
New Brunswick,40.4896492,-74.4408766,12.5,10,2019,1.05,4.74,0.158,0.22151898734177214,N
New Brunswick,40.4896492,-74.4408766,12.5,10,2020,2.15,5.47,0.1764516129032258,0.3930530164533821,N
New Brunswick,40.4896492,-74.4408766,12.5,10,2021,4.22,7.2299999999999995,0.2332258064516129,0.5836791147994468,N
New Brunswick,40.4896492,-74.4408766,12.5,11,2011,1.85,3.06,0.2353846153846154,0.6045751633986929,N
New Brunswick,40.4896492,-74.4408766,12.5,11,2012,0.67,1.3800000000000001,0.04928571428571429,0.4855072463768116,N
New Brunswick,40.4896492,-74.4408766,12.5,11,2013,2.19,2.92,0.1123076923076923,0.75,Y
New Brunswick,40.4896492,-74.4408766,12.5,11,2014,1.25,4.58,0.17615384615384616,0.2729257641921397,N
New Brunswick,40.4896492,-74.4408766,12.5,11,2015,0.82,1.53,0.054642857142857146,0.5359477124183006,N
New Brunswick,40.4896492,-74.4408766,12.5,11,2016,1.39,2.88,0.10666666666666666,0.4826388888888889,N
New Brunswick,40.4896492,-74.4408766,12.5,11,2017,0.74,2.01,0.06699999999999999,0.36815920398009955,N
New Brunswick,40.4896492,-74.4408766,12.5,11,2018,2.2,6.98,0.2406896551724138,0.3151862464183381,N
New Brunswick,40.4896492,-74.4408766,12.5,11,2019,0.48,1.17,0.040344827586206895,0.41025641025641024,N
New Brunswick,40.4896492,-74.4408766,12.5,11,2020,0.92,3.15,0.105,0.2920634920634921,N
New Brunswick,40.4896492,-74.4408766,12.5,11,2021,0.25,0.89,0.029666666666666668,0.2808988764044944,N
New Brunswick,40.4896492,-74.4408766,12.5,12,2011,2.48,3.75,0.4166666666666667,0.6613333333333333,N
New Brunswick,40.4896492,-74.4408766,12.5,12,2012,1.68,4.6899999999999995,0.18038461538461537,0.35820895522388063,N
New Brunswick,40.4896492,-74.4408766,12.5,12,2013,1.19,4.65,0.17222222222222225,0.2559139784946236,N
New Brunswick,40.4896492,-74.4408766,12.5,12,2014,1.16,3.4499999999999997,0.1568181818181818,0.336231884057971,N
New Brunswick,40.4896492,-74.4408766,12.5,12,2015,1.11,4.54,0.1464516129032258,0.2444933920704846,N
New Brunswick,40.4896492,-74.4408766,12.5,12,2016,1.17,4.05,0.1396551724137931,0.28888888888888886,N
New Brunswick,40.4896492,-74.4408766,12.5,12,2017,0.48,1.72,0.05548387096774193,0.27906976744186046,N
New Brunswick,40.4896492,-74.4408766,12.5,12,2018,1.11,5.48,0.1767741935483871,0.20255474452554745,N
New Brunswick,40.4896492,-74.4408766,12.5,12,2019,1.31,7.140000000000001,0.2303225806451613,0.18347338935574228,N
New Brunswick,40.4896492,-74.4408766,12.5,12,2020,1.22,5.24,0.17466666666666666,0.23282442748091603,N
New Brunswick,40.4896492,-74.4408766,12.5,12,2021,0.18,1.41,0.04548387096774193,0.1276595744680851,N
Somerville,40.570408,-74.605258,18.6,1,2011,1.45,3.73,0.12032258064516128,0.38873994638069703,N
Somerville,40.570408,-74.605258,18.6,1,2012,1.45,2.14,0.09304347826086957,0.6775700934579438,N
Somerville,40.570408,-74.605258,18.6,1,2013,1.02,2.59,0.08354838709677419,0.39382239382239387,N
Somerville,40.570408,-74.605258,18.6,1,2014,0.53,2.88,0.0929032258064516,0.1840277777777778,N
Somerville,40.570408,-74.605258,18.6,1,2015,0.04,0.04,0.01,1.0,Y
Somerville,40.570408,-74.605258,18.6,1,2016,1.12,1.9300000000000002,0.9650000000000001,0.5803108808290155,N
Somerville,40.570408,-74.605258,18.6,1,2017,0.15,0.22999999999999998,0.11499999999999999,0.6521739130434783,N
Somerville,40.570408,-74.605258,18.6,1,2019,0.0,0.0,0.0,0.0,N
Somerville,40.570408,-74.605258,18.6,1,2020,0.03,0.05,0.0125,0.6,N
Somerville,40.570408,-74.605258,18.6,1,2021,0.05,0.05,0.025,1.0,Y
Somerville,40.570408,-74.605258,18.6,1,2022,1.48,2.73,0.34125,0.5421245421245421,N
Somerville,40.570408,-74.605258,18.6,2,2011,0.77,2.16,0.08,0.35648148148148145,N
Somerville,40.570408,-74.605258,18.6,2,2012,0.3,1.01,0.036071428571428574,0.297029702970297,N
Somerville,40.570408,-74.605258,18.6,2,2013,0.84,2.5,0.08928571428571429,0.33599999999999997,N
Somerville,40.570408,-74.605258,18.6,2,2014,1.5,5.04,0.18,0.2976190476190476,N
Somerville,40.570408,-74.605258,18.6,2,2015,0.0,0.0,0.0,0.0,N
Somerville,40.570408,-74.605258,18.6,2,2016,0.93,1.6800000000000002,0.336,0.5535714285714286,N
Somerville,40.570408,-74.605258,18.6,2,2020,0.5,1.23,0.246,0.4065040650406504,N
Somerville,40.570408,-74.605258,18.6,2,2021,0.96,0.96,0.96,1.0,Y
Somerville,40.570408,-74.605258,18.6,2,2022,0.72,0.78,0.39,0.923076923076923,Y
Somerville,40.570408,-74.605258,18.6,3,2011,2.03,5.88,0.196,0.34523809523809523,N
Somerville,40.570408,-74.605258,18.6,3,2012,0.66,1.4700000000000002,0.058800000000000005,0.44897959183673464,N
Somerville,40.570408,-74.605258,18.6,3,2013,0.77,2.2,0.07333333333333333,0.35,N
Somerville,40.570408,-74.605258,18.6,3,2014,2.11,3.8899999999999997,0.1254838709677419,0.5424164524421594,N
Somerville,40.570408,-74.605258,18.6,3,2015,0.52,1.28,0.256,0.40625,N
Somerville,40.570408,-74.605258,18.6,3,2016,0.35,0.63,0.1575,0.5555555555555555,N
Somerville,40.570408,-74.605258,18.6,3,2017,1.05,1.9100000000000001,0.9550000000000001,0.5497382198952879,N
Somerville,40.570408,-74.605258,18.6,3,2019,0.52,0.52,0.26,1.0,Y
Somerville,40.570408,-74.605258,18.6,3,2020,0.01,0.01,0.0033333333333333335,1.0,Y
Somerville,40.570408,-74.605258,18.6,3,2021,1.09,1.9800000000000002,0.49500000000000005,0.5505050505050505,N
Somerville,40.570408,-74.605258,18.6,3,2022,0.57,0.76,0.25333333333333335,0.7499999999999999,Y
Somerville,40.570408,-74.605258,18.6,4,2011,2.71,7.56,0.26068965517241377,0.3584656084656085,N
Somerville,40.570408,-74.605258,18.6,4,2012,2.06,2.73,0.09413793103448276,0.7545787545787546,Y
Somerville,40.570408,-74.605258,18.6,4,2013,0.63,2.3,0.07666666666666666,0.2739130434782609,N
Somerville,40.570408,-74.605258,18.6,4,2014,1.07,3.38,0.11266666666666666,0.3165680473372781,N
Somerville,40.570408,-74.605258,18.6,4,2015,1.15,1.82,0.2275,0.6318681318681318,N
Somerville,40.570408,-74.605258,18.6,4,2016,0.25,0.78,0.156,0.3205128205128205,N
Somerville,40.570408,-74.605258,18.6,4,2017,1.13,3.03,0.37875,0.3729372937293729,N
Somerville,40.570408,-74.605258,18.6,4,2019,1.09,4.57,0.2405263157894737,0.23851203501094093,N
Somerville,40.570408,-74.605258,18.6,4,2020,0.94,2.2,0.31428571428571433,0.4272727272727272,N
Somerville,40.570408,-74.605258,18.6,4,2022,2.35,5.57,0.5063636363636363,0.42190305206463197,N
Somerville,40.570408,-74.605258,18.6,5,2011,0.6,2.3,0.0793103448275862,0.2608695652173913,N
Somerville,40.570408,-74.605258,18.6,5,2012,1.65,4.75,0.16379310344827586,0.34736842105263155,N
Somerville,40.570408,-74.605258,18.6,5,2013,0.94,5.18,0.16709677419354838,0.18146718146718147,N
Somerville,40.570408,-74.605258,18.6,5,2014,3.44,5.86,0.18903225806451615,0.5870307167235495,N
Somerville,40.570408,-74.605258,18.6,5,2015,0.29,0.83,0.10375,0.3493975903614458,N
Somerville,40.570408,-74.605258,18.6,5,2016,0.5,0.5,0.5,1.0,Y
Somerville,40.570408,-74.605258,18.6,5,2017,1.3,2.37,0.1975,0.5485232067510548,N
Somerville,40.570408,-74.605258,18.6,5,2019,2.06,9.58,0.31933333333333336,0.2150313152400835,N
Somerville,40.570408,-74.605258,18.6,5,2020,1.73,4.1,0.5125,0.42195121951219516,N
Somerville,40.570408,-74.605258,18.6,5,2021,1.72,3.2,0.8,0.5375,N
Somerville,40.570408,-74.605258,18.6,5,2022,1.36,6.29,0.393125,0.21621621621621623,N
Somerville,40.570408,-74.605258,18.6,6,2011,1.25,2.49,0.09222222222222223,0.502008032128514,N
Somerville,40.570408,-74.605258,18.6,6,2012,1.16,3.4,0.11333333333333333,0.3411764705882353,N
Somerville,40.570408,-74.605258,18.6,6,2013,2.79,8.68,0.28933333333333333,0.32142857142857145,N
Somerville,40.570408,-74.605258,18.6,6,2014,1.36,4.49,0.14966666666666667,0.3028953229398664,N
Somerville,40.570408,-74.605258,18.6,6,2015,1.84,7.13,0.2742307692307692,0.25806451612903225,N
Somerville,40.570408,-74.605258,18.6,6,2016,1.1,1.53,0.51,0.7189542483660131,Y
Somerville,40.570408,-74.605258,18.6,6,2017,1.59,3.69,0.369,0.43089430894308944,N
Somerville,40.570408,-74.605258,18.6,6,2019,0.68,2.37,0.08464285714285714,0.2869198312236287,N
Somerville,40.570408,-74.605258,18.6,6,2020,1.14,3.3,0.3,0.34545454545454546,N
Somerville,40.570408,-74.605258,18.6,6,2021,0.8,2.93,0.24416666666666667,0.27303754266211605,N
Somerville,40.570408,-74.605258,18.6,6,2022,1.15,1.72,0.344,0.6686046511627907,N
Somerville,40.570408,-74.605258,18.6,7,2011,1.46,3.2,0.11851851851851852,0.45625,N
Somerville,40.570408,-74.605258,18.6,7,2012,1.61,5.4,0.17419354838709677,0.29814814814814816,N
Somerville,40.570408,-74.605258,18.6,7,2013,1.57,5.51,0.17774193548387096,0.28493647912885667,N
Somerville,40.570408,-74.605258,18.6,7,2014,2.51,9.1,0.29354838709677417,0.2758241758241758,N
Somerville,40.570408,-74.605258,18.6,7,2015,1.14,2.5,0.16666666666666666,0.45599999999999996,N
Somerville,40.570408,-74.605258,18.6,7,2016,1.66,6.07,0.8671428571428572,0.27347611202635913,N
Somerville,40.570408,-74.605258,18.6,7,2017,0.71,1.8,0.13846153846153847,0.39444444444444443,N
Somerville,40.570408,-74.605258,18.6,7,2018,1.24,1.94,0.16166666666666665,0.6391752577319588,N
Somerville,40.570408,-74.605258,18.6,7,2019,1.28,1.95,0.0975,0.6564102564102564,N
Somerville,40.570408,-74.605258,18.6,7,2020,2.24,5.16,0.4690909090909091,0.434108527131783,N
Somerville,40.570408,-74.605258,18.6,7,2021,1.5,5.0,0.4166666666666667,0.3,N
Somerville,40.570408,-74.605258,18.6,8,2011,7.29,10.49,0.49952380952380954,0.6949475691134414,N
Somerville,40.570408,-74.605258,18.6,8,2012,0.72,3.06,0.10200000000000001,0.23529411764705882,N
Somerville,40.570408,-74.605258,18.6,8,2013,1.31,4.0,0.15384615384615385,0.3275,N
Somerville,40.570408,-74.605258,18.6,8,2014,0.82,1.15,0.22999999999999998,0.7130434782608696,Y
Somerville,40.570408,-74.605258,18.6,8,2015,0.81,1.9600000000000002,0.28,0.413265306122449,N
Somerville,40.570408,-74.605258,18.6,8,2016,0.6,1.9700000000000002,0.2814285714285715,0.3045685279187817,N
Somerville,40.570408,-74.605258,18.6,8,2017,1.58,3.19,0.18764705882352942,0.49529780564263326,N
Somerville,40.570408,-74.605258,18.6,8,2018,2.53,5.49,0.21960000000000002,0.4608378870673952,N
Somerville,40.570408,-74.605258,18.6,8,2019,2.55,3.9,0.13448275862068965,0.6538461538461539,N
Somerville,40.570408,-74.605258,18.6,8,2020,1.31,5.3,0.4076923076923077,0.24716981132075475,N
Somerville,40.570408,-74.605258,18.6,8,2021,3.0,6.22,0.622,0.48231511254019294,N
Somerville,40.570408,-74.605258,18.6,9,2011,2.35,7.89,0.263,0.2978453738910013,N
Somerville,40.570408,-74.605258,18.6,9,2012,0.76,3.21,0.107,0.2367601246105919,N
Somerville,40.570408,-74.605258,18.6,9,2013,0.96,1.35,0.048214285714285716,0.711111111111111,Y
Somerville,40.570408,-74.605258,18.6,9,2014,0.32,0.47,0.15666666666666665,0.6808510638297873,N
Somerville,40.570408,-74.605258,18.6,9,2015,1.61,3.21,0.4585714285714286,0.501557632398754,N
Somerville,40.570408,-74.605258,18.6,9,2016,0.41,0.82,0.205,0.5,N
Somerville,40.570408,-74.605258,18.6,9,2017,0.78,2.0100000000000002,0.402,0.38805970149253727,N
Somerville,40.570408,-74.605258,18.6,9,2018,2.21,9.19,0.3282142857142857,0.24047878128400435,N
Somerville,40.570408,-74.605258,18.6,9,2019,0.83,1.1099999999999999,0.037,0.7477477477477478,Y
Somerville,40.570408,-74.605258,18.6,9,2020,2.24,4.25,0.85,0.5270588235294118,N
Somerville,40.570408,-74.605258,18.6,9,2021,8.18,11.35,1.8916666666666666,0.720704845814978,Y
Somerville,40.570408,-74.605258,18.6,10,2011,0.72,2.42,0.08962962962962963,0.2975206611570248,N
Somerville,40.570408,-74.605258,18.6,10,2012,1.82,3.46,0.173,0.5260115606936416,N
Somerville,40.570408,-74.605258,18.6,10,2013,0.55,0.77,0.024838709677419354,0.7142857142857143,Y
Somerville,40.570408,-74.605258,18.6,10,2014,1.64,3.48,0.49714285714285716,0.47126436781609193,N
Somerville,40.570408,-74.605258,18.6,10,2015,2.23,4.01,0.8019999999999999,0.5561097256857855,N
Somerville,40.570408,-74.605258,18.6,10,2016,0.28,0.28,0.28,1.0,Y
Somerville,40.570408,-74.605258,18.6,10,2017,0.56,1.1600000000000001,0.19333333333333336,0.48275862068965514,N
Somerville,40.570408,-74.605258,18.6,10,2018,0.41,0.78,0.0325,0.5256410256410255,N
Somerville,40.570408,-74.605258,18.6,10,2019,1.43,4.26,0.142,0.33568075117370894,N
Somerville,40.570408,-74.605258,18.6,10,2021,0.51,0.8400000000000001,0.42000000000000004,0.6071428571428571,N
Somerville,40.570408,-74.605258,18.6,11,2011,1.99,3.6,0.12000000000000001,0.5527777777777778,N
Somerville,40.570408,-74.605258,18.6,11,2012,0.67,1.42,0.04733333333333333,0.471830985915493,N
Somerville,40.570408,-74.605258,18.6,11,2013,2.77,3.8000000000000003,0.12666666666666668,0.7289473684210526,Y
Somerville,40.570408,-74.605258,18.6,11,2014,1.19,4.15,0.51875,0.2867469879518072,N
Somerville,40.570408,-74.605258,18.6,11,2015,1.21,1.55,0.3875,0.7806451612903226,Y
Somerville,40.570408,-74.605258,18.6,11,2016,0.19,0.19,0.19,1.0,Y
Somerville,40.570408,-74.605258,18.6,11,2017,0.0,0.0,0.0,0.0,N
Somerville,40.570408,-74.605258,18.6,11,2018,1.38,4.68,0.2034782608695652,0.2948717948717949,N
Somerville,40.570408,-74.605258,18.6,11,2019,0.73,1.2,0.05454545454545454,0.6083333333333334,N
Somerville,40.570408,-74.605258,18.6,11,2021,0.05,0.05,0.05,1.0,Y
Somerville,40.570408,-74.605258,18.6,12,2011,0.87,1.81,0.060333333333333336,0.48066298342541436,N
Somerville,40.570408,-74.605258,18.6,12,2012,1.7,5.3100000000000005,0.17129032258064517,0.32015065913370994,N
Somerville,40.570408,-74.605258,18.6,12,2013,1.14,4.6,0.14838709677419354,0.24782608695652172,N
Somerville,40.570408,-74.605258,18.6,12,2014,0.27,0.56,0.18666666666666668,0.48214285714285715,N
Somerville,40.570408,-74.605258,18.6,12,2015,0.25,0.25,0.08333333333333333,1.0,Y
Somerville,40.570408,-74.605258,18.6,12,2017,0.2,0.23,0.115,0.8695652173913043,Y
Somerville,40.570408,-74.605258,18.6,12,2018,0.0,0.0,0.0,0.0,N
Somerville,40.570408,-74.605258,18.6,12,2019,1.07,1.1300000000000001,0.28250000000000003,0.9469026548672566,Y
Somerville,40.570408,-74.605258,18.6,12,2020,0.83,0.83,0.2075,1.0,Y
Somerville,40.570408,-74.605258,18.6,12,2021,0.17,0.29000000000000004,0.05800000000000001,0.5862068965517241,N
